{
    "id": "autorotate",
    "name": "autorotate",
    "title": "Auto-Rotate",
    "description": "Allows tokens to automatically rotate based on movement, targeting, etc.",
    "authors": [
        {
            "name": "Varriount",
            "url": "https://github.com/Varriount"
        }
    ],
    "version": "v1.4.4",
    "compatibility": {
        "minimum": "13",
        "verified": "13"
    },
    "styles": [],
    "esmodules": [
        "autorotate.js"
    ],
    "languages": [
        {
            "lang": "en",
            "name": "English",
            "path": "lang/en.json"
        },
        {
            "lang": "es",
            "name": "Espa\u00f1ol",
            "path": "lang/es.json"
        }
    ],
    "bugs": "https://github.com/KonteiKeisei/fvtt-autorotate-v13/issues",
    "changelog": "https://github.com/KonteiKeisei/fvtt-autorotate-v13/releases",
    "url": "https://github.com/KonteiKeisei/fvtt-autorotate-v13",
    "manifest": "https://github.com/KonteiKeisei/fvtt-autorotate-v13/releases/latest/download/module.json",
    "download": "https://github.com/KonteiKeisei/fvtt-autorotate-v13/releases/download/v1.4.4/module.zip"
}